{
    "extrinsic": [0.9995672192630189, 0.009055308455273525, -0.02798884712837764,0.002667705773937187,
 -0.009724748809492475, 0.9996676451727275, -0.02387526869809123, 0.08871458873289793,
 0.02776334697741099, 0.02413712044949918, 0.9993230688726336, 0.825376481219344,
            0, 0, 0, 1],
    "intrinsic": [2574.104851,0.000000, 1847.417942,
0.000000, 2586.842593, 1152.893893,
0.000000, 0.000000, 1.000000]
}

